target_label,accuracy,f1_score,recall,auc,train_time,inference_time
responsiveness,0.8625,0.8233223449447749,0.8625,0.8081854849933289,274.56936860084534,0.0009996891021728516
