target_label,accuracy,f1_score,recall,auc,train_time,inference_time
eof,0.8107142857142857,0.7790590942111567,0.8107142857142857,0.7696817112768608,366.56009340286255,0.0010325908660888672
