target_label,accuracy,f1_score,recall,auc,train_time,inference_time
accuracy,0.8784461152882206,0.8676937255349068,0.8784461152882206,0.8111016045435945,253.1723735332489,0.01804327964782715
