target_label,accuracy,f1_score,recall,auc,train_time,inference_time
sentiment,0.7496078431372549,0.7378010170540206,0.7496078431372549,0.8569832064786177,714.6536219120026,0.12668776512145996
