accuracy,f1_score,recall,auc,train_time,inference_time,confusion_matrix
0.8681818181818182,0.8386024312029234,0.8681818181818182,0.792451702265529,27.929955005645752,0.1938321590423584,"[[26, 1, 69], [1, 0, 27], [15, 3, 738]]"
