accuracy,f1_score,recall,auc,train_time,inference_time,confusion_matrix
0.8320802005012531,0.8179152534095339,0.8320802005012531,0.8733815514787144,13.901381254196167,0.11762785911560059,"[[102, 93, 0], [34, 562, 0], [0, 7, 0]]"
