target_label,accuracy,f1_score,recall,auc,train_time,inference_time
accuracy,0.9260651629072681,0.9199348554461826,0.9260651629072681,0.8905814444782428,126.28750824928284,0.8010556697845459
