target_label,accuracy,f1_score,recall,auc,train_time,inference_time
sentiment,0.8276470588235294,0.8242508792993356,0.8276470588235294,0.9303494440570752,1972.9273426532745,89.35386562347412
