target_label,accuracy,f1_score,recall,auc,train_time,inference_time
eof,0.8482142857142857,0.8206049943318572,0.8482142857142857,0.8221905413671918,319.53782081604004,2.7066309452056885
