target_label,accuracy,f1_score,recall,auc,train_time,inference_time
responsiveness,0.8931818181818182,0.8660280297591856,0.8931818181818182,0.8475276932590665,121.22562646865845,1.0655362606048584
