accuracy,f1_score,recall,auc,train_time,inference_time,confusion_matrix
0.7315686274509804,0.7167000582385828,0.7315686274509804,0.8468313633053347,28.57101321220398,0.12288594245910645,"[[2713, 244, 53], [605, 520, 56], [350, 61, 498]]"
