accuracy,f1_score,recall,auc,train_time,inference_time,confusion_matrix
0.8080357142857143,0.7811984666339113,0.8080357142857143,0.7433171192931848,64.59310126304626,0.3156881332397461,"[[89, 124, 1], [40, 808, 1], [6, 43, 8]]"
