accuracy,f1_score,recall,auc,train_time,inference_time,confusion_matrix
0.8098214285714286,0.7800432508200519,0.8098214285714286,0.7913396509386846,5.186808109283447,0.03765082359313965,"[[89, 124, 1], [35, 813, 1], [11, 41, 5]]"
