accuracy,f1_score,recall,auc,train_time,inference_time,confusion_matrix
0.8693181818181818,0.8359706083390293,0.8693181818181818,0.8022240612086856,4.713083267211914,0.01826167106628418,"[[22, 1, 73], [4, 0, 24], [11, 2, 743]]"
