accuracy,f1_score,recall,auc,train_time,inference_time,confusion_matrix
0.8383458646616542,0.8216763499235448,0.8383458646616542,0.7434470612775687,4.730202913284302,0.02225780487060547,"[[98, 97, 0], [25, 571, 0], [0, 7, 0]]"
