accuracy,f1_score,recall,auc,train_time,inference_time,confusion_matrix
0.7243137254901961,0.7095276752939556,0.7243137254901961,0.8303754686031578,1562.043823480606,4.203155040740967,"[[2692, 259, 59], [604, 524, 53], [367, 64, 478]]"
