target_label,accuracy,f1_score,recall,auc,train_time,inference_time
sentiment,0.8129411764705883,0.8097186183890022,0.8129411764705883,0.9255157915529088,214.448983669281,0.015812158584594727
