target_label,accuracy,f1_score,recall,auc,train_time,inference_time
eof,0.8419642857142857,0.8203673730611062,0.8419642857142857,0.8246100981547421,28.947309255599976,0.0
