target_label,accuracy,f1_score,recall,auc,train_time,inference_time
accuracy,0.9122807017543859,0.9062683419123928,0.9122807017543859,0.9142120225212788,14.107701778411865,0.005511045455932617
