target_label,accuracy,f1_score,recall,auc,train_time,inference_time
responsiveness,0.8920454545454546,0.8691135932464439,0.8920454545454546,0.8714491996434788,18.335110664367676,0.001547098159790039
