target_label,accuracy,f1_score,recall,auc,train_time,inference_time
accuracy,0.8796992481203008,0.8675951353543427,0.8796992481203008,0.8432086945302251,113.42637801170349,0.9763572216033936
