target_label,accuracy,f1_score,recall,auc,train_time,inference_time
eof,0.8089285714285714,0.7601247752122487,0.8089285714285714,0.7693365846856933,72.02541542053223,3.1299688816070557
