target_label,accuracy,f1_score,recall,auc,train_time,inference_time
sentiment,0.765686274509804,0.7529392416343894,0.765686274509804,0.872003186362436,1574.977452993393,74.78565096855164
