target_label,accuracy,f1_score,recall,auc,train_time,inference_time
responsiveness,0.8681818181818182,0.8166454480099339,0.8681818181818182,0.7981929315418955,37.76328682899475,2.080078363418579
